elevation,source_filename,sample_filename,width,height,source_sha256
lower,DSC05268.JPG,lower_01_DSC05268.jpg,1752,1168,ae9ca2e19b4e348f6b15f74a098db61b6ec26d8afe39d9f08743f010b628783a
lower,DSC05285.JPG,lower_02_DSC05285.jpg,1752,1168,11e016ebdaec25e8700928d339e99399e524e903c3f17763e8d5d828d98985e9
lower,DSC05303.JPG,lower_03_DSC05303.jpg,1752,1168,8bdf5df9cf18c80298c429e1cc820fd00934e8a2d7eb9736c6d44e73a319b317
lower,DSC05320.JPG,lower_04_DSC05320.jpg,1752,1168,cd614bdf59c4edc56a55f513ca2122f3242a824c445e5143509381423b6c40ef
lower,DSC05338.JPG,lower_05_DSC05338.jpg,1752,1168,ef217d68f5b16b8018db345a0849ab437640f262a067e8839d1fec21e19741ba
lower,DSC05355.JPG,lower_06_DSC05355.jpg,1752,1168,78dc0bbd0d26474452b97b6a493bd2953000b5617c98dd31926220f706af3b45
middle,DSC05071.JPG,middle_01_DSC05071.jpg,1752,1168,2650aea00d1f1f076bec5d9b247ec8a991f570b5cc9a571557a343a884d7e24f
middle,DSC05086.JPG,middle_02_DSC05086.jpg,1752,1168,2ad71b4dca341fd22a3ed2b8f7f4caba8db068918d9360f067a6e79689d10c75
middle,DSC05101.JPG,middle_03_DSC05101.jpg,1752,1168,ec7a923302becfbdf3f40a22e0759d61b1897e71040b6a6c78cdfbf486200b45
middle,DSC05115.JPG,middle_04_DSC05115.jpg,1752,1168,3876f6de3767badbefe43dd844b9ea31cabf40aeab85cf6b74159e8a0d77db88
middle,DSC05130.JPG,middle_05_DSC05130.jpg,1752,1168,482b1951f7b18ded108829f0441cdfdaf9980607808228b2edffa1c29be18cb9
middle,DSC05146.JPG,middle_06_DSC05146.jpg,1752,1168,24a4ec2a17087b4f01bb15546b7d270b610ec7b385db62245fd20644601cc531
upper,DSC05156.JPG,upper_01_DSC05156.jpg,1752,1168,666703c5242218b4ed7e5434f62df501e7ed3c56be9d70007879ec6f392d4800
upper,DSC05177.JPG,upper_02_DSC05177.jpg,1752,1168,6929d015f204f668f2490832fdce98214865a76cbf86c65ae55386335b2f0572
upper,DSC05200.JPG,upper_03_DSC05200.jpg,1752,1168,08df5d30ba708d5985945c4b27585a6ecd01fb2ba0c6826fd70bc5532ed5e518
upper,DSC05220.JPG,upper_04_DSC05220.jpg,1752,1168,62bc0f1c9746b3aac0571755723512423fc993ab5510f2af9d72f3e36c99c9b5
upper,DSC05246.JPG,upper_05_DSC05246.jpg,1752,1168,10bafe78e1232d2efb9284d1a5cef41802c60f54bc177117a5f443aca476fb9c
upper,DSC05267.JPG,upper_06_DSC05267.jpg,1752,1168,61eddcb4f281a6cf9977f000762fcb61b6e3e78ca22a064102f8056066b59c2a
